\set ON_ERROR_STOP on

begin;

insert into public.roles (id, name)
values ('12121212-1111-4111-8111-111111111111', 'VERIFIED_ACCESS_NETWORK_TEST_ROLE')
on conflict (name) do update
  set name = excluded.name;

insert into auth.users (
  id,
  instance_id,
  aud,
  role,
  email,
  encrypted_password,
  email_confirmed_at,
  raw_app_meta_data,
  raw_user_meta_data,
  created_at,
  updated_at
)
values
  ('33333333-1b1b-4000-8000-000000000001', '00000000-0000-0000-0000-000000000000', 'authenticated', 'authenticated', 'verified-access-network-a@example.invalid', '', now(), '{}'::jsonb, '{}'::jsonb, now(), now()),
  ('33333333-1b1b-4000-8000-000000000002', '00000000-0000-0000-0000-000000000000', 'authenticated', 'authenticated', 'verified-access-network-b@example.invalid', '', now(), '{}'::jsonb, '{}'::jsonb, now(), now())
on conflict (id) do nothing;

insert into public.condominiums (id, name, document)
values
  ('11111111-1b1b-4000-8000-000000000001', 'Verified Access Network Test A', 'VA-1B-A'),
  ('11111111-1b1b-4000-8000-000000000002', 'Verified Access Network Test B', 'VA-1B-B')
on conflict (id) do nothing;

insert into public.units (id, condominium_id, type, block, number)
values
  ('22222222-1b1b-4000-8000-000000000001', '11111111-1b1b-4000-8000-000000000001', 'APARTMENT', 'A', '101'),
  ('22222222-1b1b-4000-8000-000000000002', '11111111-1b1b-4000-8000-000000000002', 'APARTMENT', 'B', '202')
on conflict (id) do nothing;

insert into public.user_profiles (id, condominium_id, role_id)
values
  ('33333333-1b1b-4000-8000-000000000001', '11111111-1b1b-4000-8000-000000000001', '12121212-1111-4111-8111-111111111111'),
  ('33333333-1b1b-4000-8000-000000000002', '11111111-1b1b-4000-8000-000000000002', '12121212-1111-4111-8111-111111111111')
on conflict (id) do update
  set condominium_id = excluded.condominium_id,
      role_id = excluded.role_id;

insert into public.verified_access_policies (
  id,
  condominium_id,
  version,
  status,
  visitor_identity_mode,
  service_identity_mode,
  visitor_background_mode,
  service_background_mode,
  content_checksum
)
values
  ('44444444-1b1b-4000-8000-000000000001', '11111111-1b1b-4000-8000-000000000001', 1, 'ACTIVE', 'DISABLED', 'DISABLED', 'DISABLED', 'DISABLED', repeat('1', 64)),
  ('44444444-1b1b-4000-8000-000000000002', '11111111-1b1b-4000-8000-000000000002', 1, 'ACTIVE', 'DISABLED', 'DISABLED', 'DISABLED', 'DISABLED', repeat('2', 64));

insert into public.verified_access_requests (
  id,
  condominium_id,
  unit_id,
  requested_by_user_id,
  request_type,
  starts_at,
  ends_at,
  timezone,
  participant_limit,
  policy_id,
  policy_version
)
values
  ('55555555-1b1b-4000-8000-000000000001', '11111111-1b1b-4000-8000-000000000001', '22222222-1b1b-4000-8000-000000000001', '33333333-1b1b-4000-8000-000000000001', 'VISITOR', now(), now() + interval '1 day', 'America/Sao_Paulo', 1, '44444444-1b1b-4000-8000-000000000001', 1),
  ('55555555-1b1b-4000-8000-000000000002', '11111111-1b1b-4000-8000-000000000002', '22222222-1b1b-4000-8000-000000000002', '33333333-1b1b-4000-8000-000000000002', 'VISITOR', now(), now() + interval '1 day', 'America/Sao_Paulo', 1, '44444444-1b1b-4000-8000-000000000002', 1),
  ('55555555-1b1b-4000-8000-000000000003', '11111111-1b1b-4000-8000-000000000001', '22222222-1b1b-4000-8000-000000000001', '33333333-1b1b-4000-8000-000000000001', 'VISITOR', now(), now() + interval '1 day', 'America/Sao_Paulo', 1, '44444444-1b1b-4000-8000-000000000001', 1),
  ('55555555-1b1b-4000-8000-000000000004', '11111111-1b1b-4000-8000-000000000001', '22222222-1b1b-4000-8000-000000000001', '33333333-1b1b-4000-8000-000000000001', 'VISITOR', now(), now() + interval '1 day', 'America/Sao_Paulo', 1, '44444444-1b1b-4000-8000-000000000001', 1);

insert into public.verified_access_participant_slots (id, condominium_id, request_id, slot_number, status, claimed_at)
values
  ('66666666-1b1b-4000-8000-000000000001', '11111111-1b1b-4000-8000-000000000001', '55555555-1b1b-4000-8000-000000000001', 1, 'OPEN', null),
  ('66666666-1b1b-4000-8000-000000000002', '11111111-1b1b-4000-8000-000000000002', '55555555-1b1b-4000-8000-000000000002', 1, 'OPEN', null),
  ('66666666-1b1b-4000-8000-000000000003', '11111111-1b1b-4000-8000-000000000001', '55555555-1b1b-4000-8000-000000000003', 1, 'OPEN', null),
  ('66666666-1b1b-4000-8000-000000000004', '11111111-1b1b-4000-8000-000000000001', '55555555-1b1b-4000-8000-000000000004', 1, 'OPEN', null);

insert into public.verified_access_identity_profiles (
  id,
  condominium_id,
  cpf_ciphertext,
  cpf_tenant_hmac,
  document_type,
  document_number_ciphertext,
  document_number_tenant_hmac,
  full_name_ciphertext,
  encryption_key_version,
  hmac_key_version,
  identity_assurance_level
)
values
  ('77777777-1b1b-4000-8000-000000000001', '11111111-1b1b-4000-8000-000000000001', '\x01'::bytea, repeat('a', 32), 'CPF', '\x02'::bytea, repeat('b', 32), '\x03'::bytea, 1, 1, 'IDENTITY_VERIFIED'),
  ('77777777-1b1b-4000-8000-000000000002', '11111111-1b1b-4000-8000-000000000002', '\x04'::bytea, repeat('c', 32), 'CPF', '\x05'::bytea, repeat('d', 32), '\x06'::bytea, 1, 1, 'IDENTITY_VERIFIED'),
  ('77777777-1b1b-4000-8000-000000000003', '11111111-1b1b-4000-8000-000000000001', '\x07'::bytea, repeat('e', 32), 'CPF', '\x08'::bytea, repeat('f', 32), '\x09'::bytea, 1, 1, 'IDENTITY_VERIFIED');

insert into public.verified_access_participants (
  id,
  condominium_id,
  request_id,
  slot_id,
  identity_profile_id,
  registration_status,
  identity_status,
  background_status,
  network_status,
  eligibility_status,
  local_decision,
  local_decision_reason_code
)
values
  ('88888888-1b1b-4000-8000-000000000001', '11111111-1b1b-4000-8000-000000000001', '55555555-1b1b-4000-8000-000000000001', '66666666-1b1b-4000-8000-000000000001', '77777777-1b1b-4000-8000-000000000001', 'SUBMITTED', 'IDENTITY_VERIFIED', 'NOT_REQUIRED', 'NOT_ENABLED', 'DENIED_MANUAL', 'DENIED_MANUAL', 'LOCAL_DENIED'),
  ('88888888-1b1b-4000-8000-000000000002', '11111111-1b1b-4000-8000-000000000002', '55555555-1b1b-4000-8000-000000000002', '66666666-1b1b-4000-8000-000000000002', '77777777-1b1b-4000-8000-000000000002', 'SUBMITTED', 'IDENTITY_VERIFIED', 'NOT_REQUIRED', 'NOT_ENABLED', 'PENDING', null, null),
  ('88888888-1b1b-4000-8000-000000000003', '11111111-1b1b-4000-8000-000000000001', '55555555-1b1b-4000-8000-000000000003', '66666666-1b1b-4000-8000-000000000003', null, 'SUBMITTED', 'IDENTITY_VERIFIED', 'NOT_REQUIRED', 'NOT_ENABLED', 'PENDING', null, null),
  ('88888888-1b1b-4000-8000-000000000004', '11111111-1b1b-4000-8000-000000000001', '55555555-1b1b-4000-8000-000000000004', '66666666-1b1b-4000-8000-000000000004', '77777777-1b1b-4000-8000-000000000003', 'SUBMITTED', 'IDENTITY_VERIFIED', 'NOT_REQUIRED', 'NOT_ENABLED', 'PENDING', null, null);

insert into public.verified_access_network_subjects (
  id,
  status,
  identity_assurance_level,
  first_verified_at,
  last_verified_at,
  revalidation_due_at,
  retention_until
)
values
  ('99999999-1b1b-4000-8000-000000000001', 'ACTIVE', 'IDENTITY_VERIFIED', now(), now(), now() + interval '90 days', now() + interval '365 days'),
  ('99999999-1b1b-4000-8000-000000000002', 'UNDER_REVIEW', 'IDENTITY_VERIFIED', now(), now(), now() + interval '90 days', now() + interval '365 days'),
  ('99999999-1b1b-4000-8000-000000000003', 'DISPUTED', 'IDENTITY_VERIFIED', now(), now(), now() + interval '90 days', now() + interval '365 days');

insert into public.verified_access_network_subjects (
  id,
  status,
  identity_assurance_level,
  first_verified_at,
  last_verified_at,
  merged_into_subject_id
)
values (
  '99999999-1b1b-4000-8000-000000000004',
  'MERGED',
  'IDENTITY_VERIFIED',
  now(),
  now(),
  '99999999-1b1b-4000-8000-000000000001'
);

insert into public.verified_access_network_subjects (
  id,
  status,
  identity_assurance_level,
  first_verified_at,
  last_verified_at
)
values (
  '99999999-1b1b-4000-8000-000000000005',
  'RETIRED',
  'IDENTITY_VERIFIED',
  now(),
  now()
);

create or replace function pg_temp.expect_error(p_sql text, p_expected_sqlstate text, p_label text)
returns void
language plpgsql
as $$
begin
  execute p_sql;
  raise exception 'Expected % for %', p_expected_sqlstate, p_label
    using errcode = 'ZX001';
exception
  when others then
    if sqlstate <> p_expected_sqlstate then
      raise exception 'Expected %, got % for %', p_expected_sqlstate, sqlstate, p_label;
    end if;
end;
$$;

select pg_temp.expect_error($$insert into public.verified_access_network_subjects (status, identity_assurance_level, first_verified_at, last_verified_at) values ('REVALIDATION_REQUIRED', 'IDENTITY_VERIFIED', now(), now())$$, '23514', 'old subject status rejected');
select pg_temp.expect_error($$insert into public.verified_access_network_subjects (id, status, identity_assurance_level, first_verified_at, last_verified_at, merged_into_subject_id) values ('99999999-1b1b-4000-8000-000000000099', 'MERGED', 'IDENTITY_VERIFIED', now(), now(), '99999999-1b1b-4000-8000-000000000099')$$, '23514', 'self merge rejected');

insert into public.verified_access_network_subject_identifiers (
  network_subject_id,
  identifier_type,
  identifier_hmac,
  hmac_key_version,
  canonicalization_version,
  status,
  is_primary,
  verified_at
)
values
  ('99999999-1b1b-4000-8000-000000000001', 'CPF', repeat('a', 32), 1, 1, 'ACTIVE', true, now()),
  ('99999999-1b1b-4000-8000-000000000001', 'RNM', repeat('b', 32), 1, 1, 'ACTIVE', true, now()),
  ('99999999-1b1b-4000-8000-000000000001', 'PASSPORT_WITH_ISSUER', repeat('c', 32), 1, 1, 'ACTIVE', true, now());

select pg_temp.expect_error($$insert into public.verified_access_network_subject_identifiers (network_subject_id, identifier_type, identifier_hmac, hmac_key_version, canonicalization_version, verified_at) values ('99999999-1b1b-4000-8000-000000000002', 'CPF', repeat('a', 32), 1, 1, now())$$, '23505', 'duplicate active network HMAC rejected');
select pg_temp.expect_error($$insert into public.verified_access_network_subject_identifiers (network_subject_id, identifier_type, identifier_hmac, hmac_key_version, canonicalization_version, verified_at) values ('99999999-1b1b-4000-8000-000000000001', 'PASSPORT', repeat('p', 32), 1, 1, now())$$, '23514', 'plain passport rejected');
select pg_temp.expect_error($$insert into public.verified_access_network_subject_identifiers (network_subject_id, identifier_type, identifier_hmac, hmac_key_version, canonicalization_version, verified_at) values ('99999999-1b1b-4000-8000-000000000001', 'GOVERNMENT_ID', repeat('g', 32), 1, 1, now())$$, '23514', 'government id rejected');
select pg_temp.expect_error($$insert into public.verified_access_network_subject_identifiers (network_subject_id, identifier_type, identifier_hmac, hmac_key_version, canonicalization_version, verified_at) values ('99999999-1b1b-4000-8000-000000000001', 'PROVIDER_DOCUMENT', repeat('d', 32), 1, 1, now())$$, '23514', 'provider document rejected');
select pg_temp.expect_error($$insert into public.verified_access_network_subject_identifiers (network_subject_id, identifier_type, identifier_hmac, hmac_key_version, canonicalization_version, verified_at) values ('99999999-1b1b-4000-8000-000000000001', 'PHONE', repeat('h', 32), 1, 1, now())$$, '23514', 'phone rejected as network identifier');
select pg_temp.expect_error($$insert into public.verified_access_network_subject_identifiers (network_subject_id, identifier_type, identifier_hmac, hmac_key_version, canonicalization_version, verified_at) values ('99999999-1b1b-4000-8000-000000000001', 'EMAIL', repeat('e', 32), 1, 1, now())$$, '23514', 'email rejected as network identifier');
select pg_temp.expect_error($$insert into public.verified_access_network_subject_identifiers (network_subject_id, identifier_type, identifier_hmac, hmac_key_version, canonicalization_version, verified_at) values ('99999999-1b1b-4000-8000-000000000001', 'NAME', repeat('m', 32), 1, 1, now())$$, '23514', 'name rejected as network identifier');
select pg_temp.expect_error($$insert into public.verified_access_network_subject_identifiers (network_subject_id, identifier_type, identifier_hmac, hmac_key_version, canonicalization_version, verified_at) values ('99999999-1b1b-4000-8000-000000000001', 'FACE', repeat('f', 32), 1, 1, now())$$, '23514', 'face rejected as network identifier');
select pg_temp.expect_error($$insert into public.verified_access_network_subject_identifiers (network_subject_id, identifier_type, identifier_hmac, hmac_key_version, canonicalization_version, verified_at) values ('99999999-1b1b-4000-8000-000000000001', 'BIOMETRIC', repeat('i', 32), 1, 1, now())$$, '23514', 'biometric rejected as network identifier');

insert into public.verified_access_network_subject_links (
  network_subject_id,
  condominium_id,
  identity_profile_id,
  link_status,
  identity_assurance_level,
  link_reason,
  unlinked_at
)
values
  ('99999999-1b1b-4000-8000-000000000001', '11111111-1b1b-4000-8000-000000000001', '77777777-1b1b-4000-8000-000000000001', 'ACTIVE', 'IDENTITY_VERIFIED', 'IDENTITY_VERIFIED', null),
  ('99999999-1b1b-4000-8000-000000000002', '11111111-1b1b-4000-8000-000000000002', '77777777-1b1b-4000-8000-000000000002', 'DISPUTED', 'MANUAL_VERIFIED', 'MANUAL_VERIFIED', null),
  ('99999999-1b1b-4000-8000-000000000001', '11111111-1b1b-4000-8000-000000000001', '77777777-1b1b-4000-8000-000000000001', 'UNLINKED', 'IDENTITY_VERIFIED', 'IDENTIFIER_ROTATION', now()),
  ('99999999-1b1b-4000-8000-000000000001', '11111111-1b1b-4000-8000-000000000001', '77777777-1b1b-4000-8000-000000000001', 'UNLINKED', 'IDENTITY_VERIFIED', 'SUBJECT_MERGE', now()),
  ('99999999-1b1b-4000-8000-000000000001', '11111111-1b1b-4000-8000-000000000001', '77777777-1b1b-4000-8000-000000000001', 'UNLINKED', 'IDENTITY_VERIFIED', 'CORRECTION', now());

select pg_temp.expect_error($$insert into public.verified_access_network_subject_links (network_subject_id, condominium_id, identity_profile_id, link_status, identity_assurance_level, link_reason) values ('99999999-1b1b-4000-8000-000000000002', '11111111-1b1b-4000-8000-000000000001', '77777777-1b1b-4000-8000-000000000002', 'ACTIVE', 'IDENTITY_VERIFIED', 'IDENTITY_VERIFIED')$$, '23503', 'cross-tenant local profile link rejected');
select pg_temp.expect_error($$insert into public.verified_access_network_subject_links (network_subject_id, condominium_id, identity_profile_id, link_status, identity_assurance_level, link_reason) values ('99999999-1b1b-4000-8000-000000000002', '11111111-1b1b-4000-8000-000000000001', '77777777-1b1b-4000-8000-000000000001', 'ACTIVE', 'IDENTITY_VERIFIED', 'IDENTITY_VERIFIED')$$, '23505', 'local identity profile has one active network link');
select pg_temp.expect_error($$insert into public.verified_access_network_subject_links (network_subject_id, condominium_id, identity_profile_id, link_status, identity_assurance_level, link_reason) values ('99999999-1b1b-4000-8000-000000000001', '11111111-1b1b-4000-8000-000000000001', '77777777-1b1b-4000-8000-000000000001', 'REVOKED', 'IDENTITY_VERIFIED', 'CORRECTION')$$, '23514', 'revoked link status rejected');
select pg_temp.expect_error($$insert into public.verified_access_network_subject_links (network_subject_id, condominium_id, identity_profile_id, link_status, identity_assurance_level, link_reason) values ('99999999-1b1b-4000-8000-000000000001', '11111111-1b1b-4000-8000-000000000001', '77777777-1b1b-4000-8000-000000000001', 'ACTIVE', 'IDENTITY_VERIFIED', 'VERIFIED_IDENTIFIER_MATCH')$$, '23514', 'old verified identifier match link reason rejected');
select pg_temp.expect_error($$insert into public.verified_access_network_subject_links (network_subject_id, condominium_id, identity_profile_id, link_status, identity_assurance_level, link_reason) values ('99999999-1b1b-4000-8000-000000000001', '11111111-1b1b-4000-8000-000000000001', '77777777-1b1b-4000-8000-000000000001', 'ACTIVE', 'IDENTITY_VERIFIED', 'CROSS_TENANT_LINK')$$, '23514', 'cross tenant link reason rejected');
select pg_temp.expect_error($$insert into public.verified_access_network_subject_links (network_subject_id, condominium_id, identity_profile_id, link_status, identity_assurance_level, link_reason) values ('99999999-1b1b-4000-8000-000000000001', '11111111-1b1b-4000-8000-000000000001', '77777777-1b1b-4000-8000-000000000001', 'ACTIVE', 'IDENTITY_VERIFIED', 'LOCAL_DENIED')$$, '23514', 'local denied link reason rejected');
select pg_temp.expect_error($$insert into public.verified_access_network_subject_links (network_subject_id, condominium_id, identity_profile_id, link_status, identity_assurance_level, link_reason, unlinked_at) values ('99999999-1b1b-4000-8000-000000000001', '11111111-1b1b-4000-8000-000000000001', '77777777-1b1b-4000-8000-000000000001', 'ACTIVE', 'IDENTITY_VERIFIED', 'CORRECTION', now())$$, '23514', 'active link with unlinked_at rejected');
select pg_temp.expect_error($$insert into public.verified_access_network_subject_links (network_subject_id, condominium_id, identity_profile_id, link_status, identity_assurance_level, link_reason, unlinked_at) values ('99999999-1b1b-4000-8000-000000000001', '11111111-1b1b-4000-8000-000000000001', '77777777-1b1b-4000-8000-000000000001', 'DISPUTED', 'IDENTITY_VERIFIED', 'CORRECTION', now())$$, '23514', 'disputed link with unlinked_at rejected');
select pg_temp.expect_error($$insert into public.verified_access_network_subject_links (network_subject_id, condominium_id, identity_profile_id, link_status, identity_assurance_level, link_reason) values ('99999999-1b1b-4000-8000-000000000001', '11111111-1b1b-4000-8000-000000000001', '77777777-1b1b-4000-8000-000000000001', 'UNLINKED', 'IDENTITY_VERIFIED', 'CORRECTION')$$, '23514', 'unlinked link without unlinked_at rejected');

do $$
begin
  if exists (
    select 1
    from public.verified_access_network_security_cases
  ) or exists (
    select 1
    from public.verified_access_network_signals
  ) then
    raise exception 'LOCAL_DENIED created a central case or signal';
  end if;
end $$;

insert into public.verified_access_network_security_cases (
  id,
  network_subject_id,
  source_type,
  source_condominium_id,
  source_participant_id,
  status,
  category,
  severity,
  evidence_assurance_level,
  summary_code,
  reported_by_actor_type,
  reported_by_actor_id,
  evidence_reference_hash,
  metadata_sanitized
)
values (
  'aaaaaaaa-1b1b-4000-8000-000000000001',
  '99999999-1b1b-4000-8000-000000000001',
  'CONDOMINIUM_REPORT',
  '11111111-1b1b-4000-8000-000000000001',
  '88888888-1b1b-4000-8000-000000000001',
  'REPORTED',
  'IDENTITY_IMPERSONATION_SUSPECTED',
  'MEDIUM',
  'MANUAL_VERIFIED',
  'LOCAL_INCIDENT_REVIEW',
  'CONDOMINIUM_OPERATOR',
  'operator-1',
  repeat('e', 32),
  '{"reason_code":"LOCAL_INCIDENT_REVIEW"}'::jsonb
);

insert into public.verified_access_network_security_cases (
  id,
  network_subject_id,
  source_type,
  source_condominium_id,
  source_participant_id,
  status,
  category,
  severity,
  evidence_assurance_level,
  summary_code,
  reported_by_actor_type,
  reported_by_actor_id,
  evidence_reference_hash,
  metadata_sanitized
)
values (
  'aaaaaaaa-1b1b-4000-8000-000000000006',
  '99999999-1b1b-4000-8000-000000000002',
  'CONDOMINIUM_REPORT',
  '11111111-1b1b-4000-8000-000000000002',
  '88888888-1b1b-4000-8000-000000000002',
  'REPORTED',
  'DOCUMENT_FRAUD_SUSPECTED',
  'MEDIUM',
  'MANUAL_VERIFIED',
  'DISPUTED_LINK_REPORT',
  'CONDOMINIUM_OPERATOR',
  'operator-2',
  repeat('j', 32),
  '{"reason_code":"DISPUTED_LINK_REPORT"}'::jsonb
);

insert into public.verified_access_network_security_cases (
  id,
  network_subject_id,
  source_type,
  status,
  category,
  severity,
  evidence_assurance_level,
  summary_code,
  reported_by_actor_type,
  reported_by_actor_id,
  triaged_by_actor_id,
  triaged_at,
  dismissed_at,
  expired_at,
  evidence_reference_hash,
  metadata_sanitized
)
values
  ('aaaaaaaa-1b1b-4000-8000-000000000002', '99999999-1b1b-4000-8000-000000000001', 'PLATFORM_SECURITY', 'TRIAGE', 'PLATFORM_SECURITY_INCIDENT', 'HIGH', 'PLATFORM_EVIDENCE', 'PLATFORM_TRIAGE', 'PLATFORM_OPERATOR', 'platform-1', 'triage-1', now(), null, null, repeat('f', 32), '{"reason_code":"PLATFORM_TRIAGE"}'::jsonb),
  ('aaaaaaaa-1b1b-4000-8000-000000000003', '99999999-1b1b-4000-8000-000000000001', 'IDENTITY_PROVIDER', 'UNDER_REVIEW', 'DOCUMENT_FRAUD_SUSPECTED', 'HIGH', 'PROVIDER_ASSERTED', 'IDENTITY_REVIEW', 'IDENTITY_PROVIDER', 'identity-provider', 'triage-1', now(), null, null, repeat('g', 32), '{"reason_code":"IDENTITY_REVIEW"}'::jsonb),
  ('aaaaaaaa-1b1b-4000-8000-000000000004', '99999999-1b1b-4000-8000-000000000001', 'BACKGROUND_PROVIDER', 'DISMISSED', 'OFFICIAL_SOURCE_REVALIDATION_REQUIRED', 'LOW', 'PROVIDER_ASSERTED', 'BACKGROUND_DISMISSED', 'BACKGROUND_PROVIDER', 'background-provider', null, null, now(), null, repeat('h', 32), '{"reason_code":"BACKGROUND_DISMISSED"}'::jsonb),
  ('aaaaaaaa-1b1b-4000-8000-000000000005', '99999999-1b1b-4000-8000-000000000001', 'PRIVACY_CORRECTION', 'EXPIRED', 'REPEATED_IDENTITY_MANIPULATION_SUSPECTED', 'LOW', 'MANUAL_VERIFIED', 'PRIVACY_EXPIRED', 'PRIVACY_OFFICER', 'privacy-1', null, null, null, now(), repeat('i', 32), '{"reason_code":"PRIVACY_EXPIRED"}'::jsonb);

select pg_temp.expect_error($$insert into public.verified_access_network_security_cases (network_subject_id, source_type, source_condominium_id, source_participant_id, category, severity, evidence_assurance_level, summary_code, reported_by_actor_type, reported_by_actor_id) values ('99999999-1b1b-4000-8000-000000000001', 'CONDOMINIUM_REPORT', null, null, 'IDENTITY_IMPERSONATION_SUSPECTED', 'MEDIUM', 'MANUAL_VERIFIED', 'MISSING_LOCAL_SOURCE', 'CONDOMINIUM_OPERATOR', 'operator-1')$$, '23514', 'condominium report requires condominium and participant');
select pg_temp.expect_error($$insert into public.verified_access_network_security_cases (network_subject_id, source_type, source_condominium_id, source_participant_id, category, severity, evidence_assurance_level, summary_code, reported_by_actor_type, reported_by_actor_id) values ('99999999-1b1b-4000-8000-000000000001', 'PLATFORM_SECURITY', '11111111-1b1b-4000-8000-000000000001', '88888888-1b1b-4000-8000-000000000001', 'PLATFORM_SECURITY_INCIDENT', 'HIGH', 'PLATFORM_EVIDENCE', 'PLATFORM_WITH_LOCAL_SOURCE', 'PLATFORM_OPERATOR', 'platform-1')$$, '23514', 'non-condominium report rejects local participant');
select pg_temp.expect_error($$insert into public.verified_access_network_security_cases (network_subject_id, source_type, source_condominium_id, source_participant_id, category, severity, evidence_assurance_level, summary_code, reported_by_actor_type, reported_by_actor_id) values ('99999999-1b1b-4000-8000-000000000001', 'CONDOMINIUM_REPORT', '11111111-1b1b-4000-8000-000000000002', '88888888-1b1b-4000-8000-000000000001', 'IDENTITY_IMPERSONATION_SUSPECTED', 'MEDIUM', 'MANUAL_VERIFIED', 'CROSS_TENANT_CASE', 'CONDOMINIUM_OPERATOR', 'operator-1')$$, '23503', 'cross-tenant case participant rejected');
select pg_temp.expect_error($$insert into public.verified_access_network_security_cases (network_subject_id, source_type, source_condominium_id, source_participant_id, category, severity, evidence_assurance_level, summary_code, reported_by_actor_type, reported_by_actor_id) values ('99999999-1b1b-4000-8000-000000000001', 'CONDOMINIUM_REPORT', '11111111-1b1b-4000-8000-000000000001', '88888888-1b1b-4000-8000-000000000003', 'IDENTITY_IMPERSONATION_SUSPECTED', 'MEDIUM', 'MANUAL_VERIFIED', 'PARTICIPANT_NO_PROFILE', 'CONDOMINIUM_OPERATOR', 'operator-1')$$, 'P0001', 'condominium report participant without identity profile rejected');
select pg_temp.expect_error($$insert into public.verified_access_network_security_cases (network_subject_id, source_type, source_condominium_id, source_participant_id, category, severity, evidence_assurance_level, summary_code, reported_by_actor_type, reported_by_actor_id) values ('99999999-1b1b-4000-8000-000000000001', 'CONDOMINIUM_REPORT', '11111111-1b1b-4000-8000-000000000001', '88888888-1b1b-4000-8000-000000000004', 'IDENTITY_IMPERSONATION_SUSPECTED', 'MEDIUM', 'MANUAL_VERIFIED', 'PARTICIPANT_NO_LINK', 'CONDOMINIUM_OPERATOR', 'operator-1')$$, 'P0001', 'condominium report participant without same-subject link rejected');
select pg_temp.expect_error($$insert into public.verified_access_network_security_cases (network_subject_id, source_type, source_condominium_id, source_participant_id, category, severity, evidence_assurance_level, summary_code, reported_by_actor_type, reported_by_actor_id) values ('99999999-1b1b-4000-8000-000000000003', 'CONDOMINIUM_REPORT', '11111111-1b1b-4000-8000-000000000001', '88888888-1b1b-4000-8000-000000000001', 'IDENTITY_IMPERSONATION_SUSPECTED', 'MEDIUM', 'MANUAL_VERIFIED', 'PARTICIPANT_OTHER_SUBJECT', 'CONDOMINIUM_OPERATOR', 'operator-1')$$, 'P0001', 'condominium report participant linked to another subject rejected');
select pg_temp.expect_error($$insert into public.verified_access_network_security_cases (network_subject_id, source_type, category, severity, evidence_assurance_level, summary_code, reported_by_actor_type, reported_by_actor_id) values ('99999999-1b1b-4000-8000-000000000001', 'PROVIDER_ATTESTATION', 'IDENTITY_IMPERSONATION_SUSPECTED', 'MEDIUM', 'MANUAL_VERIFIED', 'OLD_SOURCE', 'PLATFORM_OPERATOR', 'platform-1')$$, '23514', 'old source type rejected');
select pg_temp.expect_error($$insert into public.verified_access_network_security_cases (network_subject_id, source_type, status, category, severity, evidence_assurance_level, summary_code, reported_by_actor_type, reported_by_actor_id) values ('99999999-1b1b-4000-8000-000000000001', 'PLATFORM_SECURITY', 'OPEN', 'PLATFORM_SECURITY_INCIDENT', 'MEDIUM', 'PLATFORM_EVIDENCE', 'OLD_STATUS', 'PLATFORM_OPERATOR', 'platform-1')$$, '23514', 'old case status rejected');
select pg_temp.expect_error($$insert into public.verified_access_network_security_cases (network_subject_id, source_type, category, severity, evidence_assurance_level, summary_code, reported_by_actor_type, reported_by_actor_id) values ('99999999-1b1b-4000-8000-000000000001', 'PLATFORM_SECURITY', 'POLICY_VIOLATION', 'MEDIUM', 'PLATFORM_EVIDENCE', 'POLICY_VIOLATION', 'PLATFORM_OPERATOR', 'platform-1')$$, '23514', 'policy violation rejected as network case category');
select pg_temp.expect_error($$insert into public.verified_access_network_security_cases (network_subject_id, source_type, category, severity, evidence_assurance_level, summary_code, reported_by_actor_type, reported_by_actor_id) values ('99999999-1b1b-4000-8000-000000000001', 'PLATFORM_SECURITY', 'LOCAL_DENIED', 'MEDIUM', 'PLATFORM_EVIDENCE', 'LOCAL_DENIED', 'PLATFORM_OPERATOR', 'platform-1')$$, '23514', 'local denied rejected as network case category');
select pg_temp.expect_error($$insert into public.verified_access_network_security_cases (network_subject_id, source_type, category, severity, evidence_assurance_level, summary_code, reported_by_actor_type, reported_by_actor_id, metadata_sanitized) values ('99999999-1b1b-4000-8000-000000000001', 'PLATFORM_SECURITY', 'PLATFORM_SECURITY_INCIDENT', 'MEDIUM', 'PLATFORM_EVIDENCE', 'BAD_METADATA', 'PLATFORM_OPERATOR', 'platform-1', '{"cpf":"123"}'::jsonb)$$, '23514', 'central case metadata rejects civil PII aliases');

do $$
begin
  if exists (
    select 1
    from public.verified_access_network_signals
    where network_subject_id = '99999999-1b1b-4000-8000-000000000001'
  ) then
    raise exception 'reported or under-review cases created a network signal';
  end if;

  if exists (
    select 1
    from public.verified_access_participants
    where condominium_id = '11111111-1b1b-4000-8000-000000000002'
      and network_status <> 'NOT_ENABLED'
  ) then
    raise exception 'case affected another condominium';
  end if;
end $$;

update public.verified_access_network_security_cases
set status = 'SUBSTANTIATED',
    triaged_at = coalesce(triaged_at, now()),
    triaged_by_actor_id = coalesce(triaged_by_actor_id, 'triage-1'),
    substantiated_at = now()
where id = 'aaaaaaaa-1b1b-4000-8000-000000000001';

select pg_temp.expect_error($$insert into public.verified_access_network_signals (network_subject_id, source_case_id, category, severity, effect, status, policy_version, reason_code, valid_from, expires_at, review_due_at, proposed_by_actor_type, proposed_by_actor_id) values ('99999999-1b1b-4000-8000-000000000002', 'aaaaaaaa-1b1b-4000-8000-000000000001', 'IDENTITY_IMPERSONATION_CONFIRMED', 'HIGH', 'REQUIRE_MANUAL_REVIEW', 'DRAFT', 1, 'SUBJECT_MISMATCH', now(), now() + interval '30 days', now() + interval '15 days', 'SYSTEM', 'system')$$, '23503', 'signal subject must match source case subject');
select pg_temp.expect_error($$insert into public.verified_access_network_signals (network_subject_id, source_case_id, category, severity, effect, status, policy_version, reason_code, valid_from, expires_at, review_due_at, proposed_by_actor_type, proposed_by_actor_id) values ('99999999-1b1b-4000-8000-000000000001', 'aaaaaaaa-1b1b-4000-8000-000000000002', 'PLATFORM_SECURITY_SUSPENSION', 'HIGH', 'INFORM_AUTHORIZED_REVIEWER', 'DRAFT', 1, 'UNSUBSTANTIATED_SOURCE', now(), now() + interval '30 days', now() + interval '15 days', 'SYSTEM', 'system')$$, 'P0001', 'signal requires substantiated source case');
select pg_temp.expect_error($$insert into public.verified_access_network_signals (network_subject_id, source_case_id, category, severity, effect, status, policy_version, reason_code, valid_from, expires_at, review_due_at, proposed_by_actor_type, proposed_by_actor_id) values ('99999999-1b1b-4000-8000-000000000001', 'aaaaaaaa-1b1b-4000-8000-000000000001', 'SECURITY_REVIEW', 'HIGH', 'REQUIRE_MANUAL_REVIEW', 'DRAFT', 1, 'OLD_CATEGORY', now(), now() + interval '30 days', now() + interval '15 days', 'SYSTEM', 'system')$$, '23514', 'old signal category rejected');
select pg_temp.expect_error($$insert into public.verified_access_network_signals (network_subject_id, source_case_id, category, severity, effect, status, policy_version, reason_code, valid_from, expires_at, review_due_at, proposed_by_actor_type, proposed_by_actor_id) values ('99999999-1b1b-4000-8000-000000000001', 'aaaaaaaa-1b1b-4000-8000-000000000001', 'IDENTITY_IMPERSONATION_CONFIRMED', 'HIGH', 'AUTO_DENY_NETWORK', 'DRAFT', 1, 'AUTO_DENY_NETWORK', now(), now() + interval '30 days', now() + interval '15 days', 'SYSTEM', 'system')$$, '23514', 'AUTO_DENY_NETWORK rejected');
select pg_temp.expect_error($$insert into public.verified_access_network_signals (network_subject_id, source_case_id, category, severity, effect, status, policy_version, reason_code, valid_from, expires_at, review_due_at, proposed_by_actor_type, proposed_by_actor_id) values ('99999999-1b1b-4000-8000-000000000001', 'aaaaaaaa-1b1b-4000-8000-000000000001', 'IDENTITY_IMPERSONATION_CONFIRMED', 'HIGH', 'MANUAL_REVIEW_REQUIRED', 'DRAFT', 1, 'OLD_EFFECT', now(), now() + interval '30 days', now() + interval '15 days', 'SYSTEM', 'system')$$, '23514', 'old signal effect rejected');
select pg_temp.expect_error($$insert into public.verified_access_network_signals (network_subject_id, source_case_id, category, severity, effect, status, policy_version, reason_code, valid_from, expires_at, review_due_at, proposed_by_actor_type, proposed_by_actor_id) values ('99999999-1b1b-4000-8000-000000000001', 'aaaaaaaa-1b1b-4000-8000-000000000001', 'IDENTITY_IMPERSONATION_CONFIRMED', 'HIGH', 'REQUIRE_MANUAL_REVIEW', 'PROPOSED', 1, 'OLD_STATUS', now(), now() + interval '30 days', now() + interval '15 days', 'SYSTEM', 'system')$$, '23514', 'old signal status rejected');
select pg_temp.expect_error($$insert into public.verified_access_network_signals (network_subject_id, source_case_id, category, severity, effect, status, policy_version, reason_code, valid_from, expires_at, review_due_at, proposed_by_actor_type, proposed_by_actor_id) values ('99999999-1b1b-4000-8000-000000000001', 'aaaaaaaa-1b1b-4000-8000-000000000001', 'IDENTITY_IMPERSONATION_CONFIRMED', 'HIGH', 'REQUIRE_MANUAL_REVIEW', 'DRAFT', 1, 'BAD_WINDOW', now(), now() - interval '1 day', now() + interval '15 days', 'SYSTEM', 'system')$$, '23514', 'network signal expiration must be after valid_from');

insert into public.verified_access_network_signals (
  id,
  network_subject_id,
  source_case_id,
  category,
  severity,
  effect,
  status,
  policy_version,
  reason_code,
  valid_from,
  expires_at,
  review_due_at,
  proposed_by_actor_type,
  proposed_by_actor_id
)
values (
  'bbbbbbbb-1b1b-4000-8000-000000000001',
  '99999999-1b1b-4000-8000-000000000001',
  'aaaaaaaa-1b1b-4000-8000-000000000001',
  'IDENTITY_IMPERSONATION_CONFIRMED',
  'HIGH',
  'REQUIRE_MANUAL_REVIEW',
  'DRAFT',
  1,
  'SUBSTANTIATED_REVIEW',
  now() + interval '1 hour',
  now() + interval '30 days',
  now() + interval '15 days',
  'SYSTEM',
  'system'
);

insert into public.verified_access_network_signals (
  network_subject_id,
  source_case_id,
  category,
  severity,
  effect,
  status,
  policy_version,
  reason_code,
  valid_from,
  expires_at,
  review_due_at,
  proposed_by_actor_type,
  proposed_by_actor_id,
  activated_at,
  activated_by_actor_id
)
values (
  '99999999-1b1b-4000-8000-000000000001',
  'aaaaaaaa-1b1b-4000-8000-000000000001',
  'DOCUMENT_FRAUD_CONFIRMED',
  'HIGH',
  'HOLD_CREDENTIAL',
  'ACTIVE',
  1,
  'ACTIVE_REVIEW',
  now() + interval '1 hour',
  now() + interval '30 days',
  now() + interval '15 days',
  'SYSTEM',
  'system',
  now(),
  'reviewer-activation'
);

do $$
begin
  if exists (
    select 1
    from public.verified_access_participants
    where condominium_id = '11111111-1b1b-4000-8000-000000000002'
      and network_status <> 'NOT_ENABLED'
  ) then
    raise exception 'active central signal was propagated to another condominium';
  end if;
end $$;

insert into public.verified_access_network_signal_reviews (
  signal_id,
  reviewer_actor_id,
  reviewer_role,
  decision,
  reason_code
)
values (
  'bbbbbbbb-1b1b-4000-8000-000000000001',
  'reviewer-1',
  'SECURITY_REVIEWER',
  'APPROVE',
  'REVIEW_APPROVED'
);

select pg_temp.expect_error($$insert into public.verified_access_network_signal_reviews (signal_id, reviewer_actor_id, reviewer_role, decision, reason_code) values ('bbbbbbbb-1b1b-4000-8000-000000000001', 'reviewer-1', 'SECURITY_REVIEWER', 'REQUEST_CHANGES', 'REVIEW_DUPLICATE')$$, '23505', 'duplicate signal reviewer rejected');
select pg_temp.expect_error($$insert into public.verified_access_network_signal_reviews (signal_id, reviewer_actor_id, reviewer_role, decision, reason_code) values ('bbbbbbbb-1b1b-4000-8000-000000000001', 'reviewer-2', 'SECURITY_REVIEWER', 'APPROVE_ACTIVATION', 'OLD_DECISION')$$, '23514', 'old review decision rejected');

insert into public.verified_access_network_appeals (
  network_subject_id,
  signal_id,
  status,
  request_reference_hash,
  opened_at,
  review_due_at
)
values (
  '99999999-1b1b-4000-8000-000000000001',
  'bbbbbbbb-1b1b-4000-8000-000000000001',
  'OPEN',
  repeat('r', 32),
  now(),
  now() + interval '10 days'
);

insert into public.verified_access_network_appeals (
  network_subject_id,
  status,
  request_reference_hash,
  opened_at,
  review_due_at
)
values (
  '99999999-1b1b-4000-8000-000000000002',
  'OPEN',
  repeat('t', 32),
  now(),
  now() + interval '10 days'
);

insert into public.verified_access_network_appeals (
  network_subject_id,
  signal_id,
  status,
  request_reference_hash,
  opened_at,
  review_due_at,
  resolution_code,
  resolved_by_actor_id,
  resolved_at
)
values (
  '99999999-1b1b-4000-8000-000000000001',
  'bbbbbbbb-1b1b-4000-8000-000000000001',
  'UPHELD',
  repeat('s', 32),
  now(),
  now() + interval '10 days',
  'APPEAL_UPHELD',
  'reviewer-appeal',
  now()
);

select pg_temp.expect_error($$insert into public.verified_access_network_appeals (network_subject_id, signal_id, status, request_reference_hash, opened_at, review_due_at) values ('99999999-1b1b-4000-8000-000000000002', 'bbbbbbbb-1b1b-4000-8000-000000000001', 'OPEN', repeat('m', 32), now(), now() + interval '10 days')$$, '23503', 'appeal signal must belong to same network subject');
select pg_temp.expect_error($$insert into public.verified_access_network_appeals (network_subject_id, status, request_reference_hash, opened_at, review_due_at, resolved_at) values ('99999999-1b1b-4000-8000-000000000001', 'UPHELD', repeat('a', 32), now(), now() + interval '10 days', now())$$, '23514', 'resolved appeal requires resolution code and resolver');
select pg_temp.expect_error($$insert into public.verified_access_network_appeals (network_subject_id, status, request_reference_hash, opened_at, review_due_at) values ('99999999-1b1b-4000-8000-000000000001', 'DENIED', repeat('z', 32), now(), now() + interval '10 days')$$, '23514', 'old appeal status rejected');

commit;
